"Global_Index", "x_coord", "y_coord", "Pressure", "Pressure_Coefficient", "Mach_Number"
204, 9.999999999956030e-03, 9.342000000000000e-01, 1.013250000000001e+05, 1.595735968239367e-16, 2.999999999995596e+00
4, 0.000000000000000e+00, 9.342000000000000e-01, 1.013250000000000e+05, 0.000000000000000e+00, 2.999999999995598e+00
205, 1.999999999991175e-02, 9.342000000000000e-01, 1.013250000000001e+05, 1.367773687062315e-16, 2.999999999995598e+00
206, 2.999999999986702e-02, 9.342000000000000e-01, 1.013250000000002e+05, 2.507585092947577e-16, 2.999999999995596e+00
207, 3.999999999982210e-02, 9.342000000000000e-01, 1.013250000000000e+05, 0.000000000000000e+00, 2.999999999995599e+00
208, 4.999999999977719e-02, 9.342000000000000e-01, 1.013250000000003e+05, 4.331283342363997e-16, 2.999999999995593e+00
209, 5.999999999973227e-02, 9.342000000000000e-01, 1.013250000000002e+05, 3.419434217655787e-16, 2.999999999995593e+00
210, 6.999999999968734e-02, 9.342000000000000e-01, 1.013250000000002e+05, 3.419434217655787e-16, 2.999999999995593e+00
211, 7.999999999964243e-02, 9.342000000000000e-01, 1.013250000000003e+05, 4.103321061186945e-16, 2.999999999995591e+00
212, 8.999999999959934e-02, 9.342000000000000e-01, 1.013249999999997e+05, -4.787207904718102e-16, 2.999999999995603e+00
213, 9.999999999955964e-02, 9.342000000000000e-01, 1.013249999999996e+05, -5.699057029426312e-16, 2.999999999995607e+00
214, 1.099999999995227e-01, 9.342000000000000e-01, 1.013249999999999e+05, -1.595735968239367e-16, 2.999999999995603e+00
215, 1.199999999994870e-01, 9.342000000000000e-01, 1.013250000000001e+05, 1.595735968239367e-16, 2.999999999995599e+00
216, 1.299999999994513e-01, 9.342000000000000e-01, 1.013250000000001e+05, 1.595735968239367e-16, 2.999999999995600e+00
217, 1.399999999994157e-01, 9.342000000000000e-01, 1.013250000000001e+05, 1.139811405885262e-16, 2.999999999995602e+00
218, 1.499999999993800e-01, 9.342000000000000e-01, 1.013250000000001e+05, 9.118491247082098e-17, 2.999999999995602e+00
219, 1.599999999993443e-01, 9.342000000000000e-01, 1.013250000000002e+05, 2.507585092947577e-16, 2.999999999995599e+00
220, 1.699999999993087e-01, 9.342000000000000e-01, 1.013250000000002e+05, 3.191471936478735e-16, 2.999999999995597e+00
221, 1.799999999992710e-01, 9.342000000000000e-01, 1.013250000000001e+05, 1.823698249416420e-16, 2.999999999995598e+00
222, 1.899999999992284e-01, 9.342000000000000e-01, 1.013250000000001e+05, 1.367773687062315e-16, 2.999999999995598e+00
223, 1.999999999991785e-01, 9.342000000000000e-01, 1.013250000000000e+05, 4.559245623541049e-17, 2.999999999995600e+00
224, 2.099999999991243e-01, 9.342000000000000e-01, 1.013250000000001e+05, 1.367773687062315e-16, 2.999999999995598e+00
225, 2.199999999990702e-01, 9.342000000000000e-01, 1.013250000000001e+05, 1.595735968239367e-16, 2.999999999995598e+00
226, 2.299999999990160e-01, 9.342000000000000e-01, 1.013250000000001e+05, 1.139811405885262e-16, 2.999999999995597e+00
227, 2.399999999989619e-01, 9.342000000000000e-01, 1.013250000000000e+05, 2.279622811770525e-17, 2.999999999995598e+00
228, 2.499999999989113e-01, 9.342000000000000e-01, 1.013250000000003e+05, 4.787207904718102e-16, 2.999999999995591e+00
229, 2.599999999988684e-01, 9.342000000000000e-01, 1.013250000000003e+05, 5.471094748249260e-16, 2.999999999995590e+00
230, 2.699999999988327e-01, 9.342000000000000e-01, 1.013250000000002e+05, 2.735547374124630e-16, 2.999999999995593e+00
231, 2.799999999987971e-01, 9.342000000000000e-01, 1.013250000000002e+05, 2.963509655301682e-16, 2.999999999995593e+00
232, 2.899999999987615e-01, 9.342000000000000e-01, 1.013250000000003e+05, 5.471094748249260e-16, 2.999999999995588e+00
233, 2.999999999987258e-01, 9.342000000000000e-01, 1.013250000000004e+05, 6.610906154134522e-16, 2.999999999995588e+00
234, 3.099999999986901e-01, 9.342000000000000e-01, 1.013250000000003e+05, 4.331283342363997e-16, 2.999999999995590e+00
235, 3.199999999986545e-01, 9.342000000000000e-01, 1.013250000000003e+05, 4.331283342363997e-16, 2.999999999995589e+00
236, 3.299999999986188e-01, 9.342000000000000e-01, 1.013249999999996e+05, -5.699057029426312e-16, 2.999999999995601e+00
237, 3.399999999985832e-01, 9.342000000000000e-01, 1.013249999999997e+05, -5.471094748249260e-16, 2.999999999995601e+00
238, 3.499999999985475e-01, 9.342000000000000e-01, 1.013249999999997e+05, -4.331283342363997e-16, 2.999999999995599e+00
239, 3.599999999985118e-01, 9.342000000000000e-01, 1.013249999999995e+05, -7.066830716488626e-16, 2.999999999995603e+00
240, 3.699999999984762e-01, 9.342000000000000e-01, 1.013249999999999e+05, -2.051660530593472e-16, 2.999999999995598e+00
241, 3.799999999984405e-01, 9.342000000000000e-01, 1.013249999999999e+05, -2.051660530593472e-16, 2.999999999995600e+00
242, 3.899999999984048e-01, 9.342000000000000e-01, 1.013250000000002e+05, 2.963509655301682e-16, 2.999999999995593e+00
243, 3.999999999983692e-01, 9.342000000000000e-01, 1.013250000000000e+05, -4.559245623541049e-17, 2.999999999995596e+00
244, 4.099999999983336e-01, 9.342000000000000e-01, 1.013249999999999e+05, -2.051660530593472e-16, 2.999999999995597e+00
245, 4.199999999982978e-01, 9.342000000000000e-01, 1.013249999999998e+05, -2.963509655301682e-16, 2.999999999995597e+00
246, 4.299999999982622e-01, 9.342000000000000e-01, 1.013249999999999e+05, -2.051660530593472e-16, 2.999999999995598e+00
247, 4.399999999982266e-01, 9.342000000000000e-01, 1.013250000000000e+05, 2.279622811770525e-17, 2.999999999995596e+00
248, 4.499999999981910e-01, 9.342000000000000e-01, 1.013250000000001e+05, 9.118491247082098e-17, 2.999999999995596e+00
249, 4.599999999981553e-01, 9.342000000000000e-01, 1.013250000000000e+05, -2.279622811770525e-17, 2.999999999995598e+00
250, 4.699999999981195e-01, 9.342000000000000e-01, 1.013250000000002e+05, 3.647396498832839e-16, 2.999999999995592e+00
251, 4.799999999980840e-01, 9.342000000000000e-01, 1.013250000000002e+05, 2.963509655301682e-16, 2.999999999995592e+00
252, 4.899999999980483e-01, 9.342000000000000e-01, 1.013250000000001e+05, 1.139811405885262e-16, 2.999999999995595e+00
253, 4.999999999980126e-01, 9.342000000000000e-01, 1.013250000000003e+05, 4.331283342363997e-16, 2.999999999995590e+00
254, 5.099999999979770e-01, 9.342000000000000e-01, 1.013250000000002e+05, 3.647396498832839e-16, 2.999999999995591e+00
255, 5.199999999979413e-01, 9.342000000000000e-01, 1.013250000000002e+05, 2.963509655301682e-16, 2.999999999995592e+00
256, 5.299999999979057e-01, 9.342000000000000e-01, 1.013249999999999e+05, -2.051660530593472e-16, 2.999999999995600e+00
257, 5.399999999978700e-01, 9.342000000000000e-01, 1.013250000000000e+05, 0.000000000000000e+00, 2.999999999995596e+00
258, 5.499999999978342e-01, 9.342000000000000e-01, 1.013249999999999e+05, -1.823698249416420e-16, 2.999999999995600e+00
259, 5.599999999977987e-01, 9.342000000000000e-01, 1.013250000000001e+05, 2.279622811770525e-16, 2.999999999995595e+00
260, 5.699999999977631e-01, 9.342000000000000e-01, 1.013250000000003e+05, 5.015170185895155e-16, 2.999999999995590e+00
261, 5.799999999977274e-01, 9.342000000000000e-01, 1.013250000000002e+05, 2.963509655301682e-16, 2.999999999995593e+00
262, 5.899999999976917e-01, 9.342000000000000e-01, 1.013250000000000e+05, -2.279622811770525e-17, 2.999999999995598e+00
263, 5.999999999976561e-01, 9.342000000000000e-01, 1.013250000000000e+05, 0.000000000000000e+00, 2.999999999995599e+00
264, 6.099999999976204e-01, 9.342000000000000e-01, 1.013250000000002e+05, 3.875358780009892e-16, 2.999999999995595e+00
265, 6.199999999975847e-01, 9.342000000000000e-01, 1.013250000000003e+05, 4.787207904718102e-16, 2.999999999995592e+00
266, 6.299999999975491e-01, 9.342000000000000e-01, 1.013250000000002e+05, 2.963509655301682e-16, 2.999999999995593e+00
267, 6.399999999975134e-01, 9.342000000000000e-01, 1.013250000000001e+05, 1.595735968239367e-16, 2.999999999995596e+00
268, 6.499999999974778e-01, 9.342000000000000e-01, 1.013250000000001e+05, 1.823698249416420e-16, 2.999999999995597e+00
269, 6.599999999974422e-01, 9.342000000000000e-01, 1.013250000000001e+05, 1.823698249416420e-16, 2.999999999995597e+00
270, 6.699999999974064e-01, 9.342000000000000e-01, 1.013249999999999e+05, -1.139811405885262e-16, 2.999999999995601e+00
271, 6.799999999973709e-01, 9.342000000000000e-01, 1.013250000000000e+05, 6.838868435311574e-17, 2.999999999995599e+00
272, 6.899999999973352e-01, 9.342000000000000e-01, 1.013250000000001e+05, 9.118491247082098e-17, 2.999999999995599e+00
273, 6.999999999972994e-01, 9.342000000000000e-01, 1.013250000000001e+05, 1.595735968239367e-16, 2.999999999995600e+00
274, 7.099999999972639e-01, 9.342000000000000e-01, 1.013250000000002e+05, 3.875358780009892e-16, 2.999999999995596e+00
275, 7.199999999972282e-01, 9.342000000000000e-01, 1.013250000000002e+05, 3.419434217655787e-16, 2.999999999995596e+00
276, 7.299999999971927e-01, 9.342000000000000e-01, 1.013249999999998e+05, -3.647396498832839e-16, 2.999999999995607e+00
277, 7.399999999971602e-01, 9.342000000000000e-01, 1.013249999999998e+05, -2.963509655301682e-16, 2.999999999995607e+00
278, 7.499999999971430e-01, 9.342000000000000e-01, 1.013250000000000e+05, 0.000000000000000e+00, 2.999999999995603e+00
279, 7.599999999971628e-01, 9.342000000000000e-01, 1.013250000000001e+05, 1.367773687062315e-16, 2.999999999995602e+00
280, 7.699999999971983e-01, 9.342000000000000e-01, 1.013250000000001e+05, 9.118491247082098e-17, 2.999999999995603e+00
281, 7.799999999972365e-01, 9.342000000000000e-01, 1.013250000000001e+05, 1.595735968239367e-16, 2.999999999995600e+00
282, 7.899999999972749e-01, 9.342000000000000e-01, 1.013250000000003e+05, 5.015170185895155e-16, 2.999999999995595e+00
283, 7.999999999973133e-01, 9.342000000000000e-01, 1.013250000000001e+05, 1.139811405885262e-16, 2.999999999995600e+00
284, 8.099999999973515e-01, 9.342000000000000e-01, 1.013250000000002e+05, 3.647396498832839e-16, 2.999999999995596e+00
285, 8.199999999973900e-01, 9.342000000000000e-01, 1.013250000000000e+05, 0.000000000000000e+00, 2.999999999995599e+00
286, 8.299999999974284e-01, 9.342000000000000e-01, 1.013250000000002e+05, 3.419434217655787e-16, 2.999999999995595e+00
287, 8.399999999974668e-01, 9.342000000000000e-01, 1.013250000000000e+05, 2.279622811770525e-17, 2.999999999995597e+00
288, 8.499999999975052e-01, 9.342000000000000e-01, 1.013250000000000e+05, 0.000000000000000e+00, 2.999999999995597e+00
289, 8.599999999975435e-01, 9.342000000000000e-01, 1.013250000000003e+05, 4.331283342363997e-16, 2.999999999995592e+00
290, 8.699999999975818e-01, 9.342000000000000e-01, 1.013250000000001e+05, 9.118491247082098e-17, 2.999999999995597e+00
291, 8.799999999976202e-01, 9.342000000000000e-01, 1.013250000000000e+05, 4.559245623541049e-17, 2.999999999995597e+00
292, 8.899999999976588e-01, 9.342000000000000e-01, 1.013249999999999e+05, -2.051660530593472e-16, 2.999999999995602e+00
293, 8.999999999976971e-01, 9.342000000000000e-01, 1.013249999999998e+05, -2.735547374124630e-16, 2.999999999995604e+00
294, 9.099999999977353e-01, 9.342000000000000e-01, 1.013250000000001e+05, 9.118491247082098e-17, 2.999999999995600e+00
295, 9.199999999977739e-01, 9.342000000000000e-01, 1.013250000000000e+05, 4.559245623541049e-17, 2.999999999995599e+00
296, 9.299999999978122e-01, 9.342000000000000e-01, 1.013250000000001e+05, 1.367773687062315e-16, 2.999999999995594e+00
297, 9.399999999978506e-01, 9.342000000000000e-01, 1.013250000000000e+05, 0.000000000000000e+00, 2.999999999995596e+00
298, 9.499999999978890e-01, 9.342000000000000e-01, 1.013250000000003e+05, 5.243132467072207e-16, 2.999999999995592e+00
299, 9.599999999979274e-01, 9.342000000000000e-01, 1.013250000000002e+05, 3.419434217655787e-16, 2.999999999995594e+00
300, 9.699999999979657e-01, 9.342000000000000e-01, 1.013249999999999e+05, -1.595735968239367e-16, 2.999999999995598e+00
301, 9.799999999980040e-01, 9.342000000000000e-01, 1.013249999999999e+05, -1.595735968239367e-16, 2.999999999995598e+00
302, 9.899999999980427e-01, 9.342000000000000e-01, 1.013249999999998e+05, -2.963509655301682e-16, 2.999999999995600e+00
303, 9.999999999980810e-01, 9.342000000000000e-01, 1.013250000000000e+05, -6.838868435311574e-17, 2.999999999995597e+00
304, 1.009999999998119e+00, 9.342000000000000e-01, 1.013250000000001e+05, 1.823698249416420e-16, 2.999999999995596e+00
305, 1.019999999998158e+00, 9.342000000000000e-01, 1.013250000000000e+05, 2.279622811770525e-17, 2.999999999995599e+00
306, 1.029999999998196e+00, 9.342000000000000e-01, 1.013250000000000e+05, -4.559245623541049e-17, 2.999999999995598e+00
307, 1.039999999998234e+00, 9.342000000000000e-01, 1.013250000000000e+05, -2.279622811770525e-17, 2.999999999995600e+00
308, 1.049999999998273e+00, 9.342000000000000e-01, 1.013250000000001e+05, 9.118491247082098e-17, 2.999999999995600e+00
309, 1.059999999998311e+00, 9.342000000000000e-01, 1.013250000000001e+05, 2.051660530593472e-16, 2.999999999995599e+00
310, 1.069999999998350e+00, 9.342000000000000e-01, 1.013250000000001e+05, 1.139811405885262e-16, 2.999999999995600e+00
311, 1.079999999998388e+00, 9.342000000000000e-01, 1.013250000000001e+05, 1.139811405885262e-16, 2.999999999995600e+00
312, 1.089999999998426e+00, 9.342000000000000e-01, 1.013249999999999e+05, -2.051660530593472e-16, 2.999999999995604e+00
313, 1.099999999998465e+00, 9.342000000000000e-01, 1.013250000000000e+05, 4.559245623541049e-17, 2.999999999995602e+00
314, 1.109999999998503e+00, 9.342000000000000e-01, 1.013250000000000e+05, 0.000000000000000e+00, 2.999999999995599e+00
315, 1.119999999998541e+00, 9.342000000000000e-01, 1.013250000000000e+05, -2.279622811770525e-17, 2.999999999995599e+00
316, 1.129999999998580e+00, 9.342000000000000e-01, 1.013250000000000e+05, -2.279622811770525e-17, 2.999999999995600e+00
317, 1.139999999998618e+00, 9.342000000000000e-01, 1.013250000000000e+05, -2.279622811770525e-17, 2.999999999995600e+00
318, 1.149999999998657e+00, 9.342000000000000e-01, 1.013250000000001e+05, 2.279622811770525e-16, 2.999999999995597e+00
319, 1.159999999998695e+00, 9.342000000000000e-01, 1.013250000000004e+05, 6.382943872957469e-16, 2.999999999995592e+00
320, 1.169999999998733e+00, 9.342000000000000e-01, 1.013250000000001e+05, 1.367773687062315e-16, 2.999999999995602e+00
321, 1.179999999998772e+00, 9.342000000000000e-01, 1.013250000000000e+05, 4.559245623541049e-17, 2.999999999995602e+00
322, 1.189999999998810e+00, 9.342000000000000e-01, 1.013250000000002e+05, 3.875358780009892e-16, 2.999999999995598e+00
323, 1.199999999998848e+00, 9.342000000000000e-01, 1.013250000000000e+05, 6.838868435311574e-17, 2.999999999995603e+00
324, 1.209999999998887e+00, 9.342000000000000e-01, 1.013250000000003e+05, 4.103321061186945e-16, 2.999999999995600e+00
325, 1.219999999998925e+00, 9.342000000000000e-01, 1.013250000000002e+05, 2.735547374124630e-16, 2.999999999995603e+00
326, 1.229999999998964e+00, 9.342000000000000e-01, 1.013249999999999e+05, -2.051660530593472e-16, 2.999999999995609e+00
327, 1.239999999999002e+00, 9.342000000000000e-01, 1.013250000000001e+05, 9.118491247082098e-17, 2.999999999995606e+00
328, 1.249999999999041e+00, 9.342000000000000e-01, 1.013250000000003e+05, 4.331283342363997e-16, 2.999999999995605e+00
329, 1.259999999999079e+00, 9.342000000000000e-01, 1.013250000000003e+05, 5.471094748249260e-16, 2.999999999995605e+00
330, 1.269999999999117e+00, 9.342000000000000e-01, 1.013250000000005e+05, 7.750717560019784e-16, 2.999999999995601e+00
331, 1.279999999999156e+00, 9.342000000000000e-01, 1.013250000000005e+05, 8.434604403550942e-16, 2.999999999995601e+00
332, 1.289999999999194e+00, 9.342000000000000e-01, 1.013250000000003e+05, 5.243132467072207e-16, 2.999999999995604e+00
333, 1.299999999999232e+00, 9.342000000000000e-01, 1.013250000000004e+05, 6.382943872957469e-16, 2.999999999995604e+00
334, 1.309999999999271e+00, 9.342000000000000e-01, 1.013250000000006e+05, 9.346453528259151e-16, 2.999999999995600e+00
335, 1.319999999999309e+00, 9.342000000000000e-01, 1.013250000000007e+05, 1.071422721532147e-15, 2.999999999995599e+00
336, 1.329999999999347e+00, 9.342000000000000e-01, 1.013250000000005e+05, 7.522755278842732e-16, 2.999999999995602e+00
337, 1.339999999999386e+00, 9.342000000000000e-01, 1.013250000000005e+05, 7.750717560019784e-16, 2.999999999995604e+00
338, 1.349999999999424e+00, 9.342000000000000e-01, 1.013250000000005e+05, 7.522755278842732e-16, 2.999999999995601e+00
339, 1.359999999999463e+00, 9.342000000000000e-01, 1.013250000000006e+05, 9.802378090613257e-16, 2.999999999995597e+00
340, 1.369999999999501e+00, 9.342000000000000e-01, 1.013250000000002e+05, 3.191471936478735e-16, 2.999999999995603e+00
341, 1.379999999999539e+00, 9.342000000000000e-01, 1.013250000000000e+05, 6.838868435311574e-17, 2.999999999995606e+00
342, 1.389999999999578e+00, 9.342000000000000e-01, 1.013250000000000e+05, 2.279622811770525e-17, 2.999999999995606e+00
343, 1.399999999999616e+00, 9.342000000000000e-01, 1.013249999999999e+05, -1.139811405885262e-16, 2.999999999995608e+00
344, 1.409999999999655e+00, 9.342000000000000e-01, 1.013250000000000e+05, 0.000000000000000e+00, 2.999999999995605e+00
345, 1.419999999999693e+00, 9.342000000000000e-01, 1.013250000000001e+05, 1.139811405885262e-16, 2.999999999995603e+00
346, 1.429999999999731e+00, 9.342000000000000e-01, 1.013250000000002e+05, 2.963509655301682e-16, 2.999999999995604e+00
347, 1.439999999999770e+00, 9.342000000000000e-01, 1.013250000000002e+05, 3.191471936478735e-16, 2.999999999995603e+00
348, 1.449999999999808e+00, 9.342000000000000e-01, 1.013250000000000e+05, 0.000000000000000e+00, 2.999999999995604e+00
349, 1.459999999999847e+00, 9.342000000000000e-01, 1.013249999999998e+05, -3.191471936478735e-16, 2.999999999995608e+00
350, 1.469999999999885e+00, 9.342000000000000e-01, 1.013250000000005e+05, 8.206642122373889e-16, 2.999999999995602e+00
351, 1.479999999999923e+00, 9.342000000000000e-01, 1.013250000000030e+05, 4.764411676600397e-15, 2.999999999995589e+00
352, 1.489999999999962e+00, 9.342000000000000e-01, 1.013250000000199e+05, 3.120803629313849e-14, 2.999999999995477e+00
3, 1.500000000000000e+00, 9.342000000000000e-01, 1.013250000000349e+05, 5.459696634190407e-14, 2.999999999995376e+00
552, 1.490000000000053e+00, 3.603305319235595e-01, 3.819878469070545e+05, 4.396709424052800e-01, 1.924559430657404e+00
2, 1.500000000000000e+00, 3.639702342662023e-01, 3.819873983826110e+05, 4.396702397716149e-01, 1.924560508170100e+00
553, 1.480000000000104e+00, 3.566908295809162e-01, 3.819887797459085e+05, 4.396724037391992e-01, 1.924556493742963e+00
554, 1.470000000000158e+00, 3.530511272382738e-01, 3.819896949834906e+05, 4.396738374999363e-01, 1.924554169607359e+00
555, 1.460000000000208e+00, 3.494114248956300e-01, 3.819906175827025e+05, 4.396752827929968e-01, 1.924551612896608e+00
556, 1.450000000000262e+00, 3.457717225529875e-01, 3.819915309899230e+05, 4.396767136863902e-01, 1.924549405457805e+00
557, 1.440000000000313e+00, 3.421320202103443e-01, 3.819924483782080e+05, 4.396781508162998e-01, 1.924547160813879e+00
558, 1.430000000000366e+00, 3.384923178677014e-01, 3.819933588759867e+05, 4.396795771519223e-01, 1.924545160862948e+00
559, 1.420000000000419e+00, 3.348526155250586e-01, 3.819942708441025e+05, 4.396810057908938e-01, 1.924543144948739e+00
560, 1.410000000000468e+00, 3.312129131824146e-01, 3.819951764105931e+05, 4.396824244014319e-01, 1.924541304735233e+00
561, 1.400000000000518e+00, 3.275732108397705e-01, 3.819960819725820e+05, 4.396838430049182e-01, 1.924539453865261e+00
562, 1.390000000000567e+00, 3.239335084971264e-01, 3.819969815193968e+05, 4.396852521853641e-01, 1.924537725034198e+00
563, 1.380000000000616e+00, 3.202938061544824e-01, 3.819978789726559e+05, 4.396866580861614e-01, 1.924535995914153e+00
564, 1.370000000000666e+00, 3.166541038118383e-01, 3.819987700812594e+05, 4.396880540477709e-01, 1.924534354010541e+00
565, 1.360000000000715e+00, 3.130144014691942e-01, 3.819996579109644e+05, 4.396894448728387e-01, 1.924532714641022e+00
566, 1.350000000000765e+00, 3.093746991265504e-01, 3.820005396922198e+05, 4.396908262227388e-01, 1.924531135784630e+00
567, 1.340000000000820e+00, 3.057349967839086e-01, 3.820014177147844e+05, 4.396922016844813e-01, 1.924529562713538e+00
568, 1.330000000000876e+00, 3.020952944412668e-01, 3.820022905979803e+05, 4.396935690951719e-01, 1.924528031481157e+00
569, 1.320000000000926e+00, 2.984555920986230e-01, 3.820031604935011e+05, 4.396949318255355e-01, 1.924526504801451e+00
570, 1.310000000000975e+00, 2.948158897559789e-01, 3.820040268979672e+05, 4.396962890870054e-01, 1.924525005075384e+00
571, 1.300000000001027e+00, 2.911761874133356e-01, 3.820048914584501e+05, 4.396976434597928e-01, 1.924523508691101e+00
572, 1.290000000001084e+00, 2.875364850706943e-01, 3.820057539490126e+05, 4.396989945899570e-01, 1.924522029147506e+00
573, 1.280000000001138e+00, 2.838967827280520e-01, 3.820066153199319e+05, 4.397003439661499e-01, 1.924520551604900e+00
574, 1.270000000001192e+00, 2.802570803854095e-01, 3.820074750059092e+05, 4.397016907028056e-01, 1.924519085066866e+00
575, 1.260000000001243e+00, 2.766173780427661e-01, 3.820083329601903e+05, 4.397030347266813e-01, 1.924517621715435e+00
576, 1.250000000001296e+00, 2.729776757001234e-01, 3.820091880753558e+05, 4.397043743029554e-01, 1.924516168118839e+00
577, 1.240000000001348e+00, 2.693379733574806e-01, 3.820100395425908e+05, 4.397057081645824e-01, 1.924514720841570e+00
578, 1.230000000001400e+00, 2.656982710148372e-01, 3.820108859530380e+05, 4.397070341045246e-01, 1.924513285021420e+00
579, 1.220000000001454e+00, 2.620585686721948e-01, 3.820117262481436e+05, 4.397083504645096e-01, 1.924511859695579e+00
580, 1.210000000001508e+00, 2.584188663295525e-01, 3.820125592631298e+05, 4.397096554198610e-01, 1.924510448368169e+00
581, 1.200000000001565e+00, 2.547791639869111e-01, 3.820133843178409e+05, 4.397109479050844e-01, 1.924509050592116e+00
582, 1.190000000001616e+00, 2.511394616442678e-01, 3.820142009137268e+05, 4.397122271391786e-01, 1.924507668067579e+00
583, 1.180000000001667e+00, 2.474997593016244e-01, 3.820150090117054e+05, 4.397134930609196e-01, 1.924506299985023e+00
584, 1.170000000001719e+00, 2.438600569589811e-01, 3.820158087470495e+05, 4.397147458822186e-01, 1.924504946568673e+00
585, 1.160000000001771e+00, 2.402203546163382e-01, 3.820166004471988e+05, 4.397159861160242e-01, 1.924503606782013e+00
586, 1.150000000001824e+00, 2.365806522736952e-01, 3.820173843285361e+05, 4.397172141013101e-01, 1.924502280498641e+00
587, 1.140000000001875e+00, 2.329409499310520e-01, 3.820181603932516e+05, 4.397184298415073e-01, 1.924500967463065e+00
588, 1.130000000001928e+00, 2.293012475884094e-01, 3.820189281968455e+05, 4.397196326402869e-01, 1.924499668546676e+00
589, 1.120000000001980e+00, 2.256615452457661e-01, 3.820196867848110e+05, 4.397208210023710e-01, 1.924498385232778e+00
590, 1.110000000002033e+00, 2.220218429031235e-01, 3.820204346248384e+05, 4.397219925273277e-01, 1.924497120172724e+00
591, 1.100000000002085e+00, 2.183821405604802e-01, 3.820211696808679e+05, 4.397231440255784e-01, 1.924495876745707e+00
592, 1.090000000002137e+00, 2.147424382178373e-01, 3.820218895098169e+05, 4.397242716699241e-01, 1.924494659111959e+00
593, 1.080000000002190e+00, 2.111027358751944e-01, 3.820225914239729e+05, 4.397253712499428e-01, 1.924493471785965e+00
594, 1.070000000002241e+00, 2.074630335325512e-01, 3.820232726298466e+05, 4.397264383895082e-01, 1.924492319505755e+00
595, 1.060000000002295e+00, 2.038233311899087e-01, 3.820239303516558e+05, 4.397274687402328e-01, 1.924491206951745e+00
596, 1.050000000002348e+00, 2.001836288472659e-01, 3.820245619042451e+05, 4.397284580957004e-01, 1.924490138671358e+00
597, 1.040000000002399e+00, 1.965439265046226e-01, 3.820251647499549e+05, 4.397294024805531e-01, 1.924489118950182e+00
598, 1.030000000002453e+00, 1.929042241619800e-01, 3.820257365609664e+05, 4.397302982481586e-01, 1.924488151728006e+00
599, 1.020000000002504e+00, 1.892645218193368e-01, 3.820262753273337e+05, 4.397311422498461e-01, 1.924487240401630e+00
600, 1.010000000002557e+00, 1.856248194766940e-01, 3.820267795029543e+05, 4.397319320635771e-01, 1.924486387587164e+00
601, 1.000000000002590e+00, 1.819851171340439e-01, 3.820272481326538e+05, 4.397326661930276e-01, 1.924485594898948e+00
602, 9.900000000025578e-01, 1.783454147913701e-01, 3.820276808319938e+05, 4.397333440359581e-01, 1.924484862987434e+00
603, 9.800000000025058e-01, 1.747057124486892e-01, 3.820280774591439e+05, 4.397339653701846e-01, 1.924484192091618e+00
604, 9.700000000024548e-01, 1.710660101060086e-01, 3.820284373441943e+05, 4.397345291462633e-01, 1.924483583344027e+00
605, 9.600000000024020e-01, 1.674263077633273e-01, 3.820287580581731e+05, 4.397350315591008e-01, 1.924483040851873e+00
606, 9.500000000023489e-01, 1.637866054206460e-01, 3.820290338913287e+05, 4.397354636641150e-01, 1.924482574271611e+00
607, 9.400000000022958e-01, 1.601469030779646e-01, 3.820292544165131e+05, 4.397358091267109e-01, 1.924482201238753e+00
608, 9.300000000022426e-01, 1.565072007352832e-01, 3.820294036486911e+05, 4.397360429056134e-01, 1.924481948790035e+00
609, 9.200000000021894e-01, 1.528674983926019e-01, 3.820294602882138e+05, 4.397361316339671e-01, 1.924481852952167e+00
610, 9.100000000021363e-01, 1.492277960499205e-01, 3.820293993041558e+05, 4.397360360997040e-01, 1.924481956064091e+00
611, 9.000000000020846e-01, 1.455880937072397e-01, 3.820291947068288e+05, 4.397357155888114e-01, 1.924482302087529e+00
612, 8.900000000020335e-01, 1.419483913645591e-01, 3.820288228902022e+05, 4.397351331213832e-01, 1.924482930953352e+00
613, 8.800000000019810e-01, 1.383086890218779e-01, 3.820282655684065e+05, 4.397342600517845e-01, 1.924483873594253e+00
614, 8.700000000019301e-01, 1.346689866791974e-01, 3.820275112492479e+05, 4.397330783769778e-01, 1.924485149451797e+00
615, 8.600000000018776e-01, 1.310292843365162e-01, 3.820265544602263e+05, 4.397315795240465e-01, 1.924486767784940e+00
616, 8.500000000018265e-01, 1.273895819938356e-01, 3.820253925194684e+05, 4.397297592917156e-01, 1.924488733131430e+00
617, 8.400000000017748e-01, 1.237498796511547e-01, 3.820240203453132e+05, 4.397276097193349e-01, 1.924491054087161e+00
618, 8.300000000017217e-01, 1.201101773084734e-01, 3.820224243847036e+05, 4.397251095754328e-01, 1.924493753576615e+00
619, 8.200000000016686e-01, 1.164704749657921e-01, 3.820205770066551e+05, 4.397222155748320e-01, 1.924496878337250e+00
620, 8.100000000016182e-01, 1.128307726231117e-01, 3.820184325682234e+05, 4.397188562158125e-01, 1.924500505575476e+00
621, 8.000000000015675e-01, 1.091910702804312e-01, 3.820159258837860e+05, 4.397149293821719e-01, 1.924504745557854e+00
622, 7.900000000015143e-01, 1.055513679377498e-01, 3.820129731874372e+05, 4.397103038508606e-01, 1.924509739985571e+00
623, 7.800000000014645e-01, 1.019116655950697e-01, 3.820094750634215e+05, 4.397048238826368e-01, 1.924515657040153e+00
624, 7.700000000014113e-01, 9.827196325238829e-02, 3.820053203553564e+05, 4.396983153460401e-01, 1.924522684773757e+00
625, 7.600000000013607e-01, 9.463226090970789e-02, 3.820003897931530e+05, 4.396905913991251e-01, 1.924531024977147e+00
626, 7.500000000013086e-01, 9.099255856702687e-02, 3.819945580140214e+05, 4.396814556554564e-01, 1.924540889764580e+00
627, 7.400000000012564e-01, 8.735285622434585e-02, 3.819876928617739e+05, 4.396707010864362e-01, 1.924552502763439e+00
628, 7.300000000012058e-01, 8.371315388166539e-02, 3.819796514276023e+05, 4.396581038190051e-01, 1.924566105817729e+00
629, 7.200000000011526e-01, 8.007345153898404e-02, 3.819702732589702e+05, 4.396434124970649e-01, 1.924581970485126e+00
630, 7.100000000011029e-01, 7.643374919630391e-02, 3.819593722837487e+05, 4.396263356302776e-01, 1.924600411711966e+00
631, 7.000000000010497e-01, 7.279404685362251e-02, 3.819467297947595e+05, 4.396065306040353e-01, 1.924621799720350e+00
632, 6.900000000009989e-01, 6.915434451094205e-02, 3.819320908535300e+05, 4.395835980457822e-01, 1.924646566117644e+00
633, 6.800000000009468e-01, 6.551464216826103e-02, 3.819151656713507e+05, 4.395570839885026e-01, 1.924675201592362e+00
634, 6.700000000008945e-01, 6.187493982558001e-02, 3.818956364880326e+05, 4.395264906466033e-01, 1.924708244314792e+00
635, 6.600000000008440e-01, 5.823523748289955e-02, 3.818731699066649e+05, 4.394912957388645e-01, 1.924746259110262e+00
636, 6.500000000007908e-01, 5.459553514021820e-02, 3.818474342997748e+05, 4.394509797559711e-01, 1.924789808051346e+00
637, 6.400000000007374e-01, 5.095583279753674e-02, 3.818181197006411e+05, 4.394050571211466e-01, 1.924839416841856e+00
638, 6.300000000006809e-01, 4.731613045485411e-02, 3.817849515189155e+05, 4.393530976762899e-01, 1.924895551663457e+00
639, 6.200000000006278e-01, 4.367642811217282e-02, 3.817476893012886e+05, 4.392947247405035e-01, 1.924958621429334e+00
640, 6.100000000005713e-01, 4.003672576949019e-02, 3.817061737856466e+05, 4.392296888225404e-01, 1.925028898666764e+00
641, 6.000000000005179e-01, 3.639702342680873e-02, 3.816608932427914e+05, 4.391587548205191e-01, 1.925105562305402e+00
642, 5.900000000004647e-01, 3.275732108412738e-02, 3.816161106245357e+05, 4.390886008397240e-01, 1.925181406521317e+00
643, 5.800000000004142e-01, 2.911761874144692e-02, 3.815924078613873e+05, 4.390514693977611e-01, 1.925221605855264e+00
644, 5.700000000003619e-01, 2.547791639876590e-02, 3.816673242743980e+05, 4.391688293200772e-01, 1.925094938438733e+00
645, 5.600000000003098e-01, 2.183821405608488e-02, 3.820833024721859e+05, 4.398204778309399e-01, 1.924391577558351e+00
646, 5.500000000002591e-01, 1.819851171340442e-02, 3.834678555347084e+05, 4.419894423252356e-01, 1.922056232142724e+00
647, 5.400000000002059e-01, 1.455880937072301e-02, 3.870597401320050e+05, 4.476162907068720e-01, 1.916045486621733e+00
648, 5.300000000001562e-01, 1.091910702804294e-02, 3.939373577492264e+05, 4.583903872878431e-01, 1.904804762200505e+00
649, 5.200000000001030e-01, 7.279404685361535e-03, 3.984584258904541e+05, 4.654728433814719e-01, 1.898870010323754e+00
650, 5.100000000000524e-01, 3.639702342681073e-03, 3.617051866240316e+05, 4.078972450335148e-01, 1.973709528903971e+00
1, 5.000000000000000e-01, 0.000000000000000e+00, 1.836396064106816e+05, 1.289495242178932e-01, 2.531525620003336e+00
651, 4.899999999999584e-01, 0.000000000000000e+00, 1.013250000000002e+05, 2.963509655301682e-16, 2.999999999995591e+00
652, 4.799999999999167e-01, 0.000000000000000e+00, 1.013250000000001e+05, 2.279622811770525e-16, 2.999999999995593e+00
653, 4.699999999998751e-01, 0.000000000000000e+00, 1.013250000000001e+05, 1.367773687062315e-16, 2.999999999995593e+00
654, 4.599999999998334e-01, 0.000000000000000e+00, 1.013250000000001e+05, 1.367773687062315e-16, 2.999999999995593e+00
655, 4.499999999997918e-01, 0.000000000000000e+00, 1.013250000000000e+05, 2.279622811770525e-17, 2.999999999995596e+00
656, 4.399999999997541e-01, 0.000000000000000e+00, 1.013249999999998e+05, -2.507585092947577e-16, 2.999999999995599e+00
657, 4.299999999997918e-01, 0.000000000000000e+00, 1.013250000000003e+05, 4.331283342363997e-16, 2.999999999995589e+00
658, 4.199999999998612e-01, 0.000000000000000e+00, 1.013250000000001e+05, 9.118491247082098e-17, 2.999999999995595e+00
659, 4.099999999999306e-01, 0.000000000000000e+00, 1.013250000000000e+05, 6.838868435311574e-17, 2.999999999995596e+00
660, 4.000000000000000e-01, 0.000000000000000e+00, 1.013250000000002e+05, 3.191471936478735e-16, 2.999999999995592e+00
661, 3.900000000000694e-01, 0.000000000000000e+00, 1.013249999999998e+05, -2.507585092947577e-16, 2.999999999995601e+00
662, 3.800000000001388e-01, 0.000000000000000e+00, 1.013249999999998e+05, -2.735547374124630e-16, 2.999999999995601e+00
663, 3.700000000002082e-01, 0.000000000000000e+00, 1.013249999999998e+05, -3.191471936478735e-16, 2.999999999995600e+00
664, 3.600000000002775e-01, 0.000000000000000e+00, 1.013249999999996e+05, -6.382943872957469e-16, 2.999999999995604e+00
665, 3.500000000003469e-01, 0.000000000000000e+00, 1.013249999999998e+05, -2.735547374124630e-16, 2.999999999995601e+00
666, 3.400000000004163e-01, 0.000000000000000e+00, 1.013249999999998e+05, -2.735547374124630e-16, 2.999999999995601e+00
667, 3.300000000004857e-01, 0.000000000000000e+00, 1.013249999999999e+05, -2.279622811770525e-16, 2.999999999995600e+00
668, 3.200000000005550e-01, 0.000000000000000e+00, 1.013249999999998e+05, -3.191471936478735e-16, 2.999999999995601e+00
669, 3.100000000006244e-01, 0.000000000000000e+00, 1.013250000000000e+05, 4.559245623541049e-17, 2.999999999995594e+00
670, 3.000000000006937e-01, 0.000000000000000e+00, 1.013250000000002e+05, 2.963509655301682e-16, 2.999999999995592e+00
671, 2.900000000007631e-01, 0.000000000000000e+00, 1.013250000000001e+05, 1.595735968239367e-16, 2.999999999995595e+00
672, 2.800000000008325e-01, 0.000000000000000e+00, 1.013250000000001e+05, 2.051660530593472e-16, 2.999999999995594e+00
673, 2.700000000009019e-01, 0.000000000000000e+00, 1.013250000000003e+05, 4.103321061186945e-16, 2.999999999995591e+00
674, 2.600000000009712e-01, 0.000000000000000e+00, 1.013250000000003e+05, 4.559245623541050e-16, 2.999999999995592e+00
675, 2.500000000010297e-01, 0.000000000000000e+00, 1.013250000000000e+05, 0.000000000000000e+00, 2.999999999995598e+00
676, 2.400000000009989e-01, 0.000000000000000e+00, 1.013250000000001e+05, 1.595735968239367e-16, 2.999999999995596e+00
677, 2.300000000009573e-01, 0.000000000000000e+00, 1.013250000000001e+05, 9.118491247082098e-17, 2.999999999995598e+00
678, 2.200000000009157e-01, 0.000000000000000e+00, 1.013250000000000e+05, 4.559245623541049e-17, 2.999999999995598e+00
679, 2.100000000008741e-01, 0.000000000000000e+00, 1.013250000000003e+05, 4.787207904718102e-16, 2.999999999995593e+00
680, 2.000000000008325e-01, 0.000000000000000e+00, 1.013250000000001e+05, 1.823698249416420e-16, 2.999999999995596e+00
681, 1.900000000007909e-01, 0.000000000000000e+00, 1.013250000000002e+05, 3.419434217655787e-16, 2.999999999995594e+00
682, 1.800000000007492e-01, 0.000000000000000e+00, 1.013250000000003e+05, 4.103321061186945e-16, 2.999999999995592e+00
683, 1.700000000007075e-01, 0.000000000000000e+00, 1.013250000000000e+05, 0.000000000000000e+00, 2.999999999995598e+00
684, 1.600000000006659e-01, 0.000000000000000e+00, 1.013250000000000e+05, 4.559245623541049e-17, 2.999999999995599e+00
685, 1.500000000006243e-01, 0.000000000000000e+00, 1.013250000000001e+05, 1.139811405885262e-16, 2.999999999995596e+00
686, 1.400000000005827e-01, 0.000000000000000e+00, 1.013250000000001e+05, 1.139811405885262e-16, 2.999999999995596e+00
687, 1.300000000005411e-01, 0.000000000000000e+00, 1.013250000000000e+05, -4.559245623541049e-17, 2.999999999995598e+00
688, 1.200000000004995e-01, 0.000000000000000e+00, 1.013249999999999e+05, -9.118491247082098e-17, 2.999999999995599e+00
689, 1.100000000004578e-01, 0.000000000000000e+00, 1.013250000000000e+05, -4.559245623541049e-17, 2.999999999995598e+00
690, 1.000000000004163e-01, 0.000000000000000e+00, 1.013249999999999e+05, -9.118491247082098e-17, 2.999999999995599e+00
691, 9.000000000037461e-02, 0.000000000000000e+00, 1.013250000000003e+05, 4.787207904718102e-16, 2.999999999995595e+00
692, 8.000000000033297e-02, 0.000000000000000e+00, 1.013250000000003e+05, 4.787207904718102e-16, 2.999999999995595e+00
693, 7.000000000029138e-02, 0.000000000000000e+00, 1.013250000000001e+05, 1.367773687062315e-16, 2.999999999995599e+00
694, 6.000000000024969e-02, 0.000000000000000e+00, 1.013250000000000e+05, 0.000000000000000e+00, 2.999999999995598e+00
695, 5.000000000020810e-02, 0.000000000000000e+00, 1.013249999999999e+05, -9.118491247082098e-17, 2.999999999995598e+00
696, 4.000000000016646e-02, 0.000000000000000e+00, 1.013250000000000e+05, -4.559245623541049e-17, 2.999999999995598e+00
697, 3.000000000012487e-02, 0.000000000000000e+00, 1.013250000000000e+05, 0.000000000000000e+00, 2.999999999995599e+00
698, 2.000000000008323e-02, 0.000000000000000e+00, 1.013250000000000e+05, 0.000000000000000e+00, 2.999999999995599e+00
699, 1.000000000004159e-02, 0.000000000000000e+00, 1.013250000000001e+05, 9.118491247082098e-17, 2.999999999995599e+00
0, 0.000000000000000e+00, 0.000000000000000e+00, 1.013249999999999e+05, -9.118491247082098e-17, 2.999999999995599e+00
