filename,error
double_ramp_0.0304_0.0306_ma_6.646_pres_149136_interpolated_arrays_density.npy,"expected 12 or 8 points, got 10"
double_ramp_0.0162_0.0187_ma_2.914_pres_182745_interpolated_arrays_density.npy,"expected 12 or 8 points, got 10"
double_ramp_0.0304_0.0306_ma_5.957_pres_143222_interpolated_arrays_density.npy,"expected 12 or 8 points, got 10"
double_ramp_0.0151_0.0131_ma_2.467_pres_175884_interpolated_arrays_density.npy,"expected 12 or 8 points, got 10"
double_ramp_0.0151_0.0131_ma_4.989_pres_110414_interpolated_arrays_density.npy,"expected 12 or 8 points, got 10"
double_ramp_0.0151_0.0131_ma_5.826_pres_155195_interpolated_arrays_density.npy,"expected 12 or 8 points, got 10"
double_ramp_0.0182_0.0206_ma_5.566_pres_123908_interpolated_arrays_density.npy,"expected 12 or 8 points, got 10"
double_ramp_0.0258_0.0265_ma_2.412_pres_186592_interpolated_arrays_density.npy,"expected 12 or 8 points, got 10"
double_ramp_0.0162_0.0187_ma_2.657_pres_191515_interpolated_arrays_density.npy,"expected 12 or 8 points, got 10"
double_ramp_0.0258_0.0265_ma_2.485_pres_196871_interpolated_arrays_density.npy,"expected 12 or 8 points, got 10"
double_ramp_0.0304_0.0306_ma_6.29_pres_167581_interpolated_arrays_density.npy,"expected 12 or 8 points, got 10"
double_ramp_0.0162_0.0187_ma_5.81_pres_161820_interpolated_arrays_density.npy,"expected 12 or 8 points, got 10"
double_ramp_0.0258_0.0265_ma_6.809_pres_172682_interpolated_arrays_density.npy,"expected 12 or 8 points, got 10"
double_ramp_0.0162_0.0187_ma_2.685_pres_199747_interpolated_arrays_density.npy,"expected 12 or 8 points, got 10"
double_ramp_0.0151_0.0131_ma_7.891_pres_165822_interpolated_arrays_density.npy,"expected 12 or 8 points, got 10"
double_ramp_0.0182_0.0206_ma_2.245_pres_110962_interpolated_arrays_density.npy,"expected 12 or 8 points, got 10"
double_ramp_0.0258_0.0265_ma_5.38_pres_119508_interpolated_arrays_density.npy,"expected 12 or 8 points, got 10"
double_ramp_0.0162_0.0187_ma_4.793_pres_172658_interpolated_arrays_density.npy,"expected 12 or 8 points, got 10"
double_ramp_0.0258_0.0265_ma_2.583_pres_118725_interpolated_arrays_density.npy,"expected 12 or 8 points, got 10"
double_ramp_0.0304_0.0306_ma_2.994_pres_197396_interpolated_arrays_density.npy,"expected 12 or 8 points, got 10"
double_ramp_0.0151_0.0131_ma_3.081_pres_173823_interpolated_arrays_density.npy,"expected 12 or 8 points, got 10"
double_ramp_0.0162_0.0187_ma_7.976_pres_143454_interpolated_arrays_density.npy,"expected 12 or 8 points, got 10"
double_ramp_0.0151_0.0131_ma_7.556_pres_125033_interpolated_arrays_density.npy,"expected 12 or 8 points, got 10"
double_ramp_0.0162_0.0187_ma_4.99_pres_175414_interpolated_arrays_density.npy,"expected 12 or 8 points, got 10"
double_ramp_0.0304_0.0306_ma_5.936_pres_189696_interpolated_arrays_density.npy,"expected 12 or 8 points, got 10"
double_ramp_0.0151_0.0131_ma_2.906_pres_115029_interpolated_arrays_density.npy,"expected 12 or 8 points, got 10"
double_ramp_0.0162_0.0187_ma_3.114_pres_118205_interpolated_arrays_density.npy,"expected 12 or 8 points, got 10"
double_ramp_0.0182_0.0206_ma_3.898_pres_96355_interpolated_arrays_density.npy,"expected 12 or 8 points, got 10"
double_ramp_0.0258_0.0265_ma_5.013_pres_95483_interpolated_arrays_density.npy,"expected 12 or 8 points, got 10"
double_ramp_0.0162_0.0187_ma_5.187_pres_150867_interpolated_arrays_density.npy,"expected 12 or 8 points, got 10"
double_ramp_0.0182_0.0206_ma_5.097_pres_199558_interpolated_arrays_density.npy,"expected 12 or 8 points, got 10"
double_ramp_0.0182_0.0206_ma_4.286_pres_192844_interpolated_arrays_density.npy,"expected 12 or 8 points, got 10"
double_ramp_0.0162_0.0187_ma_2.844_pres_119869_interpolated_arrays_density.npy,"expected 12 or 8 points, got 10"
double_ramp_0.0304_0.0306_ma_2.334_pres_192137_interpolated_arrays_density.npy,"expected 12 or 8 points, got 10"
double_ramp_0.0304_0.0306_ma_4.896_pres_117113_interpolated_arrays_density.npy,"expected 12 or 8 points, got 10"
double_ramp_0.0151_0.0131_ma_3.185_pres_196287_interpolated_arrays_density.npy,"expected 12 or 8 points, got 10"
double_ramp_0.0182_0.0206_ma_4.122_pres_175257_interpolated_arrays_density.npy,"expected 12 or 8 points, got 10"
double_ramp_0.0304_0.0306_ma_6.941_pres_100347_interpolated_arrays_density.npy,"expected 12 or 8 points, got 10"
double_ramp_0.0151_0.0131_ma_2.728_pres_104850_interpolated_arrays_density.npy,"expected 12 or 8 points, got 10"
double_ramp_0.0162_0.0187_ma_5.103_pres_152683_interpolated_arrays_density.npy,"expected 12 or 8 points, got 10"
double_ramp_0.0182_0.0206_ma_3.299_pres_91870_interpolated_arrays_density.npy,"expected 12 or 8 points, got 10"
double_ramp_0.0162_0.0187_ma_5.376_pres_190755_interpolated_arrays_density.npy,"expected 12 or 8 points, got 10"
double_ramp_0.0151_0.0131_ma_3.845_pres_156551_interpolated_arrays_density.npy,"expected 12 or 8 points, got 10"
double_ramp_0.0304_0.0306_ma_5.022_pres_125897_interpolated_arrays_density.npy,"expected 12 or 8 points, got 10"
double_ramp_0.0182_0.0206_ma_6.735_pres_131759_interpolated_arrays_density.npy,"expected 12 or 8 points, got 10"
double_ramp_0.0258_0.0265_ma_3.603_pres_186244_interpolated_arrays_density.npy,"expected 12 or 8 points, got 10"
double_ramp_0.0258_0.0265_ma_3.774_pres_122836_interpolated_arrays_density.npy,"expected 12 or 8 points, got 10"
double_ramp_0.0182_0.0206_ma_7.737_pres_189620_interpolated_arrays_density.npy,"expected 12 or 8 points, got 10"
double_ramp_0.0151_0.0131_ma_5.829_pres_110364_interpolated_arrays_density.npy,"expected 12 or 8 points, got 10"
double_ramp_0.0182_0.0206_ma_4.11_pres_179742_interpolated_arrays_density.npy,"expected 12 or 8 points, got 10"
double_ramp_0.0182_0.0206_ma_4.645_pres_174127_interpolated_arrays_density.npy,"expected 12 or 8 points, got 10"
double_ramp_0.0182_0.0206_ma_4.277_pres_169623_interpolated_arrays_density.npy,"expected 12 or 8 points, got 10"
double_ramp_0.0182_0.0206_ma_4.777_pres_149308_interpolated_arrays_density.npy,"expected 12 or 8 points, got 10"
double_ramp_0.0182_0.0206_ma_7.11_pres_194127_interpolated_arrays_density.npy,"expected 12 or 8 points, got 10"
double_ramp_0.0182_0.0206_ma_6.511_pres_93437_interpolated_arrays_density.npy,"expected 12 or 8 points, got 10"
double_ramp_0.0304_0.0306_ma_4.937_pres_177770_interpolated_arrays_density.npy,"expected 12 or 8 points, got 10"
double_ramp_0.0151_0.0131_ma_3.106_pres_105430_interpolated_arrays_density.npy,"expected 12 or 8 points, got 10"
double_ramp_0.0182_0.0206_ma_4.164_pres_179637_interpolated_arrays_density.npy,"expected 12 or 8 points, got 10"
double_ramp_0.0151_0.0131_ma_3.422_pres_187986_interpolated_arrays_density.npy,"expected 12 or 8 points, got 10"
double_ramp_0.0162_0.0187_ma_4.55_pres_142530_interpolated_arrays_density.npy,"expected 12 or 8 points, got 10"
double_ramp_0.0304_0.0306_ma_7.205_pres_170679_interpolated_arrays_density.npy,"expected 12 or 8 points, got 10"
double_ramp_0.0162_0.0187_ma_6.197_pres_97060_interpolated_arrays_density.npy,"expected 12 or 8 points, got 10"
double_ramp_0.0258_0.0265_ma_7.439_pres_196509_interpolated_arrays_density.npy,"expected 12 or 8 points, got 10"
double_ramp_0.0304_0.0306_ma_7.179_pres_157089_interpolated_arrays_density.npy,"expected 12 or 8 points, got 10"
double_ramp_0.0258_0.0265_ma_6.665_pres_102218_interpolated_arrays_density.npy,"expected 12 or 8 points, got 10"
double_ramp_0.0304_0.0306_ma_4.973_pres_179760_interpolated_arrays_density.npy,"expected 12 or 8 points, got 10"
double_ramp_0.0304_0.0306_ma_4.296_pres_190956_interpolated_arrays_density.npy,"expected 12 or 8 points, got 10"
double_ramp_0.0151_0.0131_ma_5.436_pres_171234_interpolated_arrays_density.npy,"expected 12 or 8 points, got 10"
double_ramp_0.0182_0.0206_ma_5.7_pres_136706_interpolated_arrays_density.npy,"expected 12 or 8 points, got 10"
double_ramp_0.0162_0.0187_ma_4.085_pres_196066_interpolated_arrays_density.npy,"expected 12 or 8 points, got 10"
double_ramp_0.0304_0.0306_ma_7.289_pres_109442_interpolated_arrays_density.npy,"expected 12 or 8 points, got 10"
double_ramp_0.0304_0.0306_ma_5.672_pres_100436_interpolated_arrays_density.npy,"expected 12 or 8 points, got 10"
double_ramp_0.0258_0.0265_ma_4.833_pres_185841_interpolated_arrays_density.npy,"expected 12 or 8 points, got 10"
double_ramp_0.0151_0.0131_ma_3.587_pres_138189_interpolated_arrays_density.npy,"expected 12 or 8 points, got 10"
double_ramp_0.0151_0.0131_ma_2.419_pres_118849_interpolated_arrays_density.npy,"expected 12 or 8 points, got 10"
double_ramp_0.0162_0.0187_ma_4.915_pres_119930_interpolated_arrays_density.npy,"expected 12 or 8 points, got 10"
double_ramp_0.0182_0.0206_ma_2.693_pres_125774_interpolated_arrays_density.npy,"expected 12 or 8 points, got 10"
double_ramp_0.0258_0.0265_ma_5.892_pres_189260_interpolated_arrays_density.npy,"expected 12 or 8 points, got 10"
double_ramp_0.0162_0.0187_ma_7.727_pres_162040_interpolated_arrays_density.npy,"expected 12 or 8 points, got 10"
double_ramp_0.0182_0.0206_ma_4.256_pres_137555_interpolated_arrays_density.npy,"expected 12 or 8 points, got 10"
double_ramp_0.0258_0.0265_ma_7.752_pres_99422_interpolated_arrays_density.npy,"expected 12 or 8 points, got 10"
double_ramp_0.0304_0.0306_ma_4.618_pres_167677_interpolated_arrays_density.npy,"expected 12 or 8 points, got 10"
double_ramp_0.0151_0.0131_ma_7.639_pres_110118_interpolated_arrays_density.npy,"expected 12 or 8 points, got 10"
double_ramp_0.0162_0.0187_ma_6.418_pres_189887_interpolated_arrays_density.npy,"expected 12 or 8 points, got 10"
double_ramp_0.0304_0.0306_ma_2.303_pres_186713_interpolated_arrays_density.npy,"expected 12 or 8 points, got 10"
double_ramp_0.0258_0.0265_ma_3.7_pres_141781_interpolated_arrays_density.npy,"expected 12 or 8 points, got 10"
double_ramp_0.0258_0.0265_ma_2.306_pres_103056_interpolated_arrays_density.npy,"expected 12 or 8 points, got 10"
double_ramp_0.0162_0.0187_ma_5.078_pres_144596_interpolated_arrays_density.npy,"expected 12 or 8 points, got 10"
double_ramp_0.0151_0.0131_ma_5.951_pres_172222_interpolated_arrays_density.npy,"expected 12 or 8 points, got 10"
double_ramp_0.0304_0.0306_ma_6.775_pres_137251_interpolated_arrays_density.npy,"expected 12 or 8 points, got 10"
double_ramp_0.0151_0.0131_ma_4.15_pres_167150_interpolated_arrays_density.npy,"expected 12 or 8 points, got 10"
double_ramp_0.0258_0.0265_ma_3.246_pres_172729_interpolated_arrays_density.npy,"expected 12 or 8 points, got 10"
double_ramp_0.0258_0.0265_ma_5.347_pres_179958_interpolated_arrays_density.npy,"expected 12 or 8 points, got 10"
double_ramp_0.0304_0.0306_ma_4.758_pres_195431_interpolated_arrays_density.npy,"expected 12 or 8 points, got 10"
double_ramp_0.0258_0.0265_ma_5.181_pres_144991_interpolated_arrays_density.npy,"expected 12 or 8 points, got 10"
double_ramp_0.0162_0.0187_ma_2.825_pres_100399_interpolated_arrays_density.npy,"expected 12 or 8 points, got 10"
double_ramp_0.0151_0.0131_ma_4.749_pres_195190_interpolated_arrays_density.npy,"expected 12 or 8 points, got 10"
double_ramp_0.0258_0.0265_ma_3.172_pres_197050_interpolated_arrays_density.npy,"expected 12 or 8 points, got 10"
double_ramp_0.0182_0.0206_ma_7.71_pres_161437_interpolated_arrays_density.npy,"expected 12 or 8 points, got 10"
double_ramp_0.0258_0.0265_ma_6.134_pres_121260_interpolated_arrays_density.npy,"expected 12 or 8 points, got 10"
