case_key,vtu_path,npz_path,npz_field,vtu_field,mapping,npz_y_origin,outside_value,mse,rel_mse,rmse_pct
double_ramp_0.0199_0.0465_ma_6.671_pres_141047,/Users/alperensevinc/Desktop/su2/su2_alp/thesis/double_ramp_configuration/outputs/backward/sweep/double_ramp_0p0199_0p0465_ma_6p671_pres_141047_interpolated_arrays_temperature_M6p671_T300p0_P141047p0/flow.vtu,/Users/alperensevinc/Desktop/su2/su2_alp/thesis/double_ramp_configuration/inputs/double_ramp_npz_files_clamped/double_ramp_0.0199_0.0465_ma_6.671_pres_141047_interpolated_arrays.npz,density,Density,auto,top,0.0,2.428974e-01,7.378769e-02,10.584
double_ramp_0.0443_0.0677_ma_5.163_pres_108345,/Users/alperensevinc/Desktop/su2/su2_alp/thesis/double_ramp_configuration/outputs/backward/sweep/double_ramp_0p0443_0p0677_ma_5p163_pres_108345_interpolated_arrays_temperature_M5p163_T300p0_P108345p0/flow.vtu,/Users/alperensevinc/Desktop/su2/su2_alp/thesis/double_ramp_configuration/inputs/double_ramp_npz_files_clamped/double_ramp_0.0443_0.0677_ma_5.163_pres_108345_interpolated_arrays.npz,density,Density,auto,top,0.0,1.732847e-01,7.644399e-02,10.498
double_ramp_0.0491_0.0254_ma_3.506_pres_113826,/Users/alperensevinc/Desktop/su2/su2_alp/thesis/double_ramp_configuration/outputs/backward/sweep/double_ramp_0p0491_0p0254_ma_3p506_pres_113826_interpolated_arrays_temperature_M3p506_T300p0_P113826p0/flow.vtu,/Users/alperensevinc/Desktop/su2/su2_alp/thesis/double_ramp_configuration/inputs/double_ramp_npz_files_clamped/double_ramp_0.0491_0.0254_ma_3.506_pres_113826_interpolated_arrays.npz,density,Density,auto,top,0.0,3.397832e-01,1.341912e-01,14.015

SUMMARY
total_case_folders,3
successes,3
failures,0

FAILED CASES
case_key,vtu_path,npz_path,reason
none,,,no failures
